S/n,Curated Inst,Curated Institution,Histocal Advantage
40,North-West University,NWU,Advantaged
1,Durban University of Technology,DUT,Disadvantaged
2,Durban University of Technology,DUT,Disadvantaged
3,Durban University of Technology,DUT,Disadvantaged
4,Durban University of Technology,DUT,Disadvantaged
5,Durban University of Technology,DUT,Disadvantaged
6,Durban University of Technology,DUT,Disadvantaged
7,Durban University of Technology,DUT,Disadvantaged
8,Durban University of Technology,DUT,Disadvantaged
9,Durban University of Technology,DUT,Disadvantaged
10,Durban University of Technology,DUT,Disadvantaged
11,Medical University of Southern Africa,MUSA,Others
12,Medical University of Southern Africa,MUSA,Others
13,Medical University of Southern Africa,MUSA,Others
14,Medical University of Southern Africa,MUSA,Others
15,Medical University of Southern Africa,MUSA,Others
16,Medical University of Southern Africa,MUSA,Others
17,Medical University of Southern Africa,MUSA,Others
18,Medical University of Southern Africa,MUSA,Others
19,Medical University of Southern Africa,MUSA,Others
20,Medical University of Southern Africa,MUSA,Others
21,Medical University of Southern Africa,MUSA,Others
22,Medical University of Southern Africa,MUSA,Others
23,Medical University of Southern Africa,MUSA,Others
24,Medical University of Southern Africa,MUSA,Others
25,Medical University of Southern Africa,MUSA,Others
26,Medical University of Southern Africa,MUSA,Others
27,Medical University of Southern Africa,MUSA,Others
28,Medical University of Southern Africa,MUSA,Others
29,Medical University of Southern Africa,MUSA,Others
30,Medical University of Southern Africa,MUSA,Others
31,Medical University of Southern Africa,MUSA,Others
32,Medical University of Southern Africa,MUSA,Others
33,Medical University of Southern Africa,MUSA,Others
34,Nelson Mandela Metropolitan University,NMMU,Disadvantaged
35,Nelson Mandela Metropolitan University,NMMU,Disadvantaged
36,Nelson Mandela Metropolitan University,NMMU,Disadvantaged
37,Nelson Mandela Metropolitan University,NMMU,Disadvantaged
38,Nelson Mandela Metropolitan University,NMMU,Disadvantaged
39,Nelson Mandela Metropolitan University,NMMU,Disadvantaged
40,North-West University,NWU,Advantaged
41,North-West University,NWU,Advantaged
42,North-West University,NWU,Advantaged
43,North-West University,NWU,Advantaged
44,North-West University,NWU,Advantaged
45,North-West University,NWU,Advantaged
46,North-West University,NWU,Advantaged
47,North-West University,NWU,Advantaged
48,North-West University,NWU,Advantaged
49,North-West University,NWU,Advantaged
50,North-West University,NWU,Advantaged
51,North-West University,NWU,Advantaged
52,North-West University,NWU,Advantaged
53,North-West University,NWU,Advantaged
54,North-West University,NWU,Advantaged
55,North-West University,NWU,Advantaged
56,North-West University,NWU,Advantaged
57,North-West University,NWU,Advantaged
58,North-West University,NWU,Advantaged
59,North-West University,NWU,Advantaged
60,North-West University,NWU,Advantaged
61,North-West University,NWU,Advantaged
62,North-West University,NWU,Advantaged
63,North-West University,NWU,Advantaged
64,North-West University,NWU,Advantaged
65,North-West University,NWU,Advantaged
66,North-West University,NWU,Advantaged
67,North-West University,NWU,Advantaged
68,North-West University,NWU,Advantaged
69,North-West University,NWU,Advantaged
70,North-West University,NWU,Advantaged
71,North-West University,NWU,Advantaged
72,North-West University,NWU,Advantaged
73,North-West University,NWU,Advantaged
74,North-West University,NWU,Advantaged
75,North-West University,NWU,Advantaged
76,North-West University,NWU,Advantaged
77,North-West University,NWU,Advantaged
78,North-West University,NWU,Advantaged
79,North-West University,NWU,Advantaged
80,North-West University,NWU,Advantaged
81,North-West University,NWU,Advantaged
82,North-West University,NWU,Advantaged
83,North-West University,NWU,Advantaged
84,North-West University,NWU,Advantaged
85,North-West University,NWU,Advantaged
86,North-West University,NWU,Advantaged
87,North-West University,NWU,Advantaged
88,North-West University,NWU,Advantaged
89,North-West University,NWU,Advantaged
90,North-West University,NWU,Advantaged
91,North-West University,NWU,Advantaged
92,North-West University,NWU,Advantaged
93,North-West University,NWU,Advantaged
94,North-West University,NWU,Advantaged
95,North-West University,NWU,Advantaged
96,North-West University,NWU,Advantaged
97,North-West University,NWU,Advantaged
98,North-West University,NWU,Advantaged
99,North-West University,NWU,Advantaged
100,North-West University,NWU,Advantaged
101,North-West University,NWU,Advantaged
102,North-West University,NWU,Advantaged
103,North-West University,NWU,Advantaged
104,North-West University,NWU,Advantaged
105,North-West University,NWU,Advantaged
106,North-West University,NWU,Advantaged
107,North-West University,NWU,Advantaged
108,North-West University,NWU,Advantaged
109,North-West University,NWU,Advantaged
110,Rhodes University,RU,Advantaged
111,Rhodes University,RU,Advantaged
112,Rhodes University,RU,Advantaged
113,Rhodes University,RU,Advantaged
114,Rhodes University,RU,Advantaged
115,Rhodes University,RU,Advantaged
116,Rhodes University,RU,Advantaged
117,Rhodes University,RU,Advantaged
118,Rhodes University,RU,Advantaged
119,Rhodes University,RU,Advantaged
120,Rhodes University,RU,Advantaged
121,Rhodes University,RU,Advantaged
122,Rhodes University,RU,Advantaged
123,Rhodes University,RU,Advantaged
124,Rhodes University,RU,Advantaged
125,Rhodes University,RU,Advantaged
126,Rhodes University,RU,Advantaged
127,Rhodes University,RU,Advantaged
128,Rhodes University,RU,Advantaged
129,Rhodes University,RU,Advantaged
130,Rhodes University,RU,Advantaged
131,Rhodes University,RU,Advantaged
132,Rhodes University,RU,Advantaged
133,Rhodes University,RU,Advantaged
134,Rhodes University,RU,Advantaged
135,Rhodes University,RU,Advantaged
136,Rhodes University,RU,Advantaged
137,Rhodes University,RU,Advantaged
138,Rhodes University,RU,Advantaged
139,Rhodes University,RU,Advantaged
140,Rhodes University,RU,Advantaged
141,Rhodes University,RU,Advantaged
142,Rhodes University,RU,Advantaged
143,Rhodes University,RU,Advantaged
144,Rhodes University,RU,Advantaged
145,Rhodes University,RU,Advantaged
146,Rhodes University,RU,Advantaged
147,Rhodes University,RU,Advantaged
148,Rhodes University,RU,Advantaged
149,Rhodes University,RU,Advantaged
150,South African Medical Research Council,SAMRC,Others
151,South African Medical Research Council,SAMRC,Others
152,South African Medical Research Council,SAMRC,Others
153,South African Medical Research Council,SAMRC,Others
154,South African Medical Research Council,SAMRC,Others
155,South African Medical Research Council,SAMRC,Others
156,South African Medical Research Council,SAMRC,Others
157,South African Medical Research Council,SAMRC,Others
158,University of Cape Town,UCT,Advantaged
159,University of Cape Town,UCT,Advantaged
160,University of Cape Town,UCT,Advantaged
161,University of Cape Town,UCT,Advantaged
162,University of Cape Town,UCT,Advantaged
163,University of Cape Town,UCT,Advantaged
164,University of Cape Town,UCT,Advantaged
165,University of Cape Town,UCT,Advantaged
166,University of Cape Town,UCT,Advantaged
167,University of Cape Town,UCT,Advantaged
168,University of Cape Town,UCT,Advantaged
169,University of Cape Town,UCT,Advantaged
170,University of Cape Town,UCT,Advantaged
171,University of Cape Town,UCT,Advantaged
172,University of Cape Town,UCT,Advantaged
173,University of Cape Town,UCT,Advantaged
174,University of Cape Town,UCT,Advantaged
175,University of Cape Town,UCT,Advantaged
176,University of Cape Town,UCT,Advantaged
177,University of Cape Town,UCT,Advantaged
178,University of Cape Town,UCT,Advantaged
179,University of Cape Town,UCT,Advantaged
180,University of Cape Town,UCT,Advantaged
181,University of Cape Town,UCT,Advantaged
182,University of Cape Town,UCT,Advantaged
183,University of Cape Town,UCT,Advantaged
184,University of Cape Town,UCT,Advantaged
185,University of Cape Town,UCT,Advantaged
186,University of Cape Town,UCT,Advantaged
187,University of Cape Town,UCT,Advantaged
188,University of Cape Town,UCT,Advantaged
189,University of Cape Town,UCT,Advantaged
190,University of Cape Town,UCT,Advantaged
191,University of Cape Town,UCT,Advantaged
192,University of Cape Town,UCT,Advantaged
193,University of Cape Town,UCT,Advantaged
194,University of Cape Town,UCT,Advantaged
195,University of Cape Town,UCT,Advantaged
196,University of Cape Town,UCT,Advantaged
197,University of Cape Town,UCT,Advantaged
198,University of Cape Town,UCT,Advantaged
199,University of Cape Town,UCT,Advantaged
200,University of Cape Town,UCT,Advantaged
201,University of Cape Town,UCT,Advantaged
202,University of Cape Town,UCT,Advantaged
203,University of Cape Town,UCT,Advantaged
204,University of Cape Town,UCT,Advantaged
205,University of Cape Town,UCT,Advantaged
206,University of Cape Town,UCT,Advantaged
207,University of Cape Town,UCT,Advantaged
208,University of Cape Town,UCT,Advantaged
209,University of Cape Town,UCT,Advantaged
210,University of Cape Town,UCT,Advantaged
211,University of Cape Town,UCT,Advantaged
212,University of Cape Town,UCT,Advantaged
213,University of Cape Town,UCT,Advantaged
214,University of Cape Town,UCT,Advantaged
215,University of Cape Town,UCT,Advantaged
216,University of Cape Town,UCT,Advantaged
217,University of Cape Town,UCT,Advantaged
218,University of Cape Town,UCT,Advantaged
219,University of Cape Town,UCT,Advantaged
220,University of Cape Town,UCT,Advantaged
221,University of Cape Town,UCT,Advantaged
222,University of Cape Town,UCT,Advantaged
223,University of Cape Town,UCT,Advantaged
224,University of Cape Town,UCT,Advantaged
225,University of Cape Town,UCT,Advantaged
226,University of Cape Town,UCT,Advantaged
227,University of Cape Town,UCT,Advantaged
228,University of Cape Town,UCT,Advantaged
229,University of Cape Town,UCT,Advantaged
230,University of Cape Town,UCT,Advantaged
231,University of Cape Town,UCT,Advantaged
232,University of Cape Town,UCT,Advantaged
233,University of Cape Town,UCT,Advantaged
234,University of Cape Town,UCT,Advantaged
235,University of Cape Town,UCT,Advantaged
236,University of Cape Town,UCT,Advantaged
237,University of Cape Town,UCT,Advantaged
238,University of Cape Town,UCT,Advantaged
239,University of Cape Town,UCT,Advantaged
240,University of Cape Town,UCT,Advantaged
241,University of Cape Town,UCT,Advantaged
242,University of Cape Town,UCT,Advantaged
243,University of Cape Town,UCT,Advantaged
244,University of Cape Town,UCT,Advantaged
245,University of Cape Town,UCT,Advantaged
246,University of Cape Town,UCT,Advantaged
247,University of Cape Town,UCT,Advantaged
248,University of Cape Town,UCT,Advantaged
249,University of Cape Town,UCT,Advantaged
250,University of Cape Town,UCT,Advantaged
251,University of Cape Town,UCT,Advantaged
252,University of Cape Town,UCT,Advantaged
253,University of Cape Town,UCT,Advantaged
254,University of Cape Town,UCT,Advantaged
255,University of Cape Town,UCT,Advantaged
256,University of Cape Town,UCT,Advantaged
257,University of Cape Town,UCT,Advantaged
258,University of Cape Town,UCT,Advantaged
259,University of Cape Town,UCT,Advantaged
260,University of Cape Town,UCT,Advantaged
261,University of Cape Town,UCT,Advantaged
262,University of Cape Town,UCT,Advantaged
263,University of Cape Town,UCT,Advantaged
264,University of Cape Town,UCT,Advantaged
265,University of Cape Town,UCT,Advantaged
266,University of Cape Town,UCT,Advantaged
267,University of Cape Town,UCT,Advantaged
268,University of Cape Town,UCT,Advantaged
269,University of Cape Town,UCT,Advantaged
270,University of Cape Town,UCT,Advantaged
271,University of Cape Town,UCT,Advantaged
272,University of Cape Town,UCT,Advantaged
273,University of Cape Town,UCT,Advantaged
274,University of Cape Town,UCT,Advantaged
275,University of Cape Town,UCT,Advantaged
276,University of Cape Town,UCT,Advantaged
277,University of Cape Town,UCT,Advantaged
278,University of Cape Town,UCT,Advantaged
279,University of Cape Town,UCT,Advantaged
280,University of Cape Town,UCT,Advantaged
281,University of Cape Town,UCT,Advantaged
282,University of Cape Town,UCT,Advantaged
283,University of Cape Town,UCT,Advantaged
284,University of Cape Town,UCT,Advantaged
285,University of Cape Town,UCT,Advantaged
286,University of Cape Town,UCT,Advantaged
287,University of Cape Town,UCT,Advantaged
288,University of Cape Town,UCT,Advantaged
289,University of Cape Town,UCT,Advantaged
290,University of Cape Town,UCT,Advantaged
291,University of Cape Town,UCT,Advantaged
292,University of Cape Town,UCT,Advantaged
293,University of Cape Town,UCT,Advantaged
294,University of Cape Town,UCT,Advantaged
295,University of Cape Town,UCT,Advantaged
296,University of Cape Town,UCT,Advantaged
297,University of Cape Town,UCT,Advantaged
298,University of Cape Town,UCT,Advantaged
299,University of Cape Town,UCT,Advantaged
300,University of Cape Town,UCT,Advantaged
301,University of Cape Town,UCT,Advantaged
302,University of Cape Town,UCT,Advantaged
303,University of Cape Town,UCT,Advantaged
304,University of Cape Town,UCT,Advantaged
305,University of Cape Town,UCT,Advantaged
306,University of Cape Town,UCT,Advantaged
307,University of Cape Town,UCT,Advantaged
308,University of Cape Town,UCT,Advantaged
309,University of Cape Town,UCT,Advantaged
310,University of Cape Town,UCT,Advantaged
311,University of Cape Town,UCT,Advantaged
312,University of Cape Town,UCT,Advantaged
313,University of Cape Town,UCT,Advantaged
314,University of Cape Town,UCT,Advantaged
315,University of Cape Town,UCT,Advantaged
316,University of Cape Town,UCT,Advantaged
317,University of Cape Town,UCT,Advantaged
318,University of Cape Town,UCT,Advantaged
319,University of Cape Town,UCT,Advantaged
320,University of Cape Town,UCT,Advantaged
321,University of Cape Town,UCT,Advantaged
322,University of Cape Town,UCT,Advantaged
323,University of Cape Town,UCT,Advantaged
324,University of Cape Town,UCT,Advantaged
325,University of Cape Town,UCT,Advantaged
326,University of Cape Town,UCT,Advantaged
327,University of Cape Town,UCT,Advantaged
328,University of Cape Town,UCT,Advantaged
329,University of Cape Town,UCT,Advantaged
330,University of Cape Town,UCT,Advantaged
331,University of Cape Town,UCT,Advantaged
332,University of Cape Town,UCT,Advantaged
333,University of Cape Town,UCT,Advantaged
334,University of Cape Town,UCT,Advantaged
335,University of Cape Town,UCT,Advantaged
336,University of Cape Town,UCT,Advantaged
337,University of Cape Town,UCT,Advantaged
338,University of Cape Town,UCT,Advantaged
339,University of Cape Town,UCT,Advantaged
340,University of Cape Town,UCT,Advantaged
341,University of Cape Town,UCT,Advantaged
342,University of Cape Town,UCT,Advantaged
343,University of Cape Town,UCT,Advantaged
344,University of Cape Town,UCT,Advantaged
345,University of Cape Town,UCT,Advantaged
346,University of Cape Town,UCT,Advantaged
347,University of Cape Town,UCT,Advantaged
348,University of Cape Town,UCT,Advantaged
349,University of Cape Town,UCT,Advantaged
350,University of Cape Town,UCT,Advantaged
351,University of Cape Town,UCT,Advantaged
352,University of Cape Town,UCT,Advantaged
353,University of Cape Town,UCT,Advantaged
354,University of Cape Town,UCT,Advantaged
355,University of Cape Town,UCT,Advantaged
356,University of Cape Town,UCT,Advantaged
357,University of Cape Town,UCT,Advantaged
358,University of Cape Town,UCT,Advantaged
359,University of Cape Town,UCT,Advantaged
360,University of Cape Town,UCT,Advantaged
361,University of Cape Town,UCT,Advantaged
362,University of Cape Town,UCT,Advantaged
363,University of Cape Town,UCT,Advantaged
364,University of Cape Town,UCT,Advantaged
365,University of Cape Town,UCT,Advantaged
366,University of Cape Town,UCT,Advantaged
367,University of Cape Town,UCT,Advantaged
368,University of Cape Town,UCT,Advantaged
369,University of Cape Town,UCT,Advantaged
370,University of Cape Town,UCT,Advantaged
371,University of Cape Town,UCT,Advantaged
372,University of Cape Town,UCT,Advantaged
373,University of Cape Town,UCT,Advantaged
374,University of Cape Town,UCT,Advantaged
375,University of Cape Town,UCT,Advantaged
376,University of Cape Town,UCT,Advantaged
377,University of Cape Town,UCT,Advantaged
378,University of Cape Town,UCT,Advantaged
379,University of Cape Town,UCT,Advantaged
380,University of Cape Town,UCT,Advantaged
381,University of Cape Town,UCT,Advantaged
382,University of Cape Town,UCT,Advantaged
383,University of Cape Town,UCT,Advantaged
384,University of Cape Town,UCT,Advantaged
385,University of Cape Town,UCT,Advantaged
386,University of Cape Town,UCT,Advantaged
387,University of Cape Town,UCT,Advantaged
388,University of Cape Town,UCT,Advantaged
389,University of Cape Town,UCT,Advantaged
390,University of Cape Town,UCT,Advantaged
391,University of Cape Town,UCT,Advantaged
392,University of Cape Town,UCT,Advantaged
393,University of Cape Town,UCT,Advantaged
394,University of Cape Town,UCT,Advantaged
395,University of Cape Town,UCT,Advantaged
396,University of Cape Town,UCT,Advantaged
397,University of Cape Town,UCT,Advantaged
398,University of Cape Town,UCT,Advantaged
399,University of Cape Town,UCT,Advantaged
400,University of Cape Town,UCT,Advantaged
401,University of Cape Town,UCT,Advantaged
402,University of Cape Town,UCT,Advantaged
403,University of Cape Town,UCT,Advantaged
404,University of Cape Town,UCT,Advantaged
405,University of Cape Town,UCT,Advantaged
406,University of Cape Town,UCT,Advantaged
407,University of Cape Town,UCT,Advantaged
408,University of Cape Town,UCT,Advantaged
409,University of Cape Town,UCT,Advantaged
410,University of Cape Town,UCT,Advantaged
411,University of Cape Town,UCT,Advantaged
412,University of Cape Town,UCT,Advantaged
413,University of Cape Town,UCT,Advantaged
414,University of Cape Town,UCT,Advantaged
415,University of Cape Town,UCT,Advantaged
416,University of Cape Town,UCT,Advantaged
417,University of Cape Town,UCT,Advantaged
418,University of Cape Town,UCT,Advantaged
419,University of Cape Town,UCT,Advantaged
420,University of Cape Town,UCT,Advantaged
421,University of Cape Town,UCT,Advantaged
422,University of Cape Town,UCT,Advantaged
423,University of Cape Town,UCT,Advantaged
424,University of Cape Town,UCT,Advantaged
425,University of Cape Town,UCT,Advantaged
426,University of Cape Town,UCT,Advantaged
427,University of Cape Town,UCT,Advantaged
428,University of Cape Town,UCT,Advantaged
429,University of Cape Town,UCT,Advantaged
430,University of Cape Town,UCT,Advantaged
431,University of Cape Town,UCT,Advantaged
432,University of Cape Town,UCT,Advantaged
433,University of Cape Town,UCT,Advantaged
434,University of Cape Town,UCT,Advantaged
435,University of Cape Town,UCT,Advantaged
436,University of Cape Town,UCT,Advantaged
437,University of Cape Town,UCT,Advantaged
438,University of Cape Town,UCT,Advantaged
439,University of Cape Town,UCT,Advantaged
440,University of Cape Town,UCT,Advantaged
441,University of Cape Town,UCT,Advantaged
442,University of Cape Town,UCT,Advantaged
443,University of Cape Town,UCT,Advantaged
444,University of Cape Town,UCT,Advantaged
445,University of Cape Town,UCT,Advantaged
446,University of Cape Town,UCT,Advantaged
447,University of Cape Town,UCT,Advantaged
448,University of Cape Town,UCT,Advantaged
449,University of Cape Town,UCT,Advantaged
450,University of Cape Town,UCT,Advantaged
451,University of Cape Town,UCT,Advantaged
452,University of Cape Town,UCT,Advantaged
453,University of Cape Town,UCT,Advantaged
454,University of Cape Town,UCT,Advantaged
455,University of Cape Town,UCT,Advantaged
456,University of Cape Town,UCT,Advantaged
457,University of Cape Town,UCT,Advantaged
458,University of Cape Town,UCT,Advantaged
459,University of Cape Town,UCT,Advantaged
460,University of Cape Town,UCT,Advantaged
461,University of Cape Town,UCT,Advantaged
462,University of Cape Town,UCT,Advantaged
463,University of Cape Town,UCT,Advantaged
464,University of Cape Town,UCT,Advantaged
465,University of Cape Town,UCT,Advantaged
466,University of Cape Town,UCT,Advantaged
467,University of Cape Town,UCT,Advantaged
468,University of Cape Town,UCT,Advantaged
469,University of Cape Town,UCT,Advantaged
470,University of Cape Town,UCT,Advantaged
471,University of Cape Town,UCT,Advantaged
472,University of Cape Town,UCT,Advantaged
473,University of Cape Town,UCT,Advantaged
474,University of Cape Town,UCT,Advantaged
475,University of Cape Town,UCT,Advantaged
476,University of Cape Town,UCT,Advantaged
477,University of Cape Town,UCT,Advantaged
478,University of Cape Town,UCT,Advantaged
479,University of Cape Town,UCT,Advantaged
480,University of Cape Town,UCT,Advantaged
481,University of Cape Town,UCT,Advantaged
482,University of Cape Town,UCT,Advantaged
483,University of Cape Town,UCT,Advantaged
484,University of Cape Town,UCT,Advantaged
485,University of Cape Town,UCT,Advantaged
486,University of Cape Town,UCT,Advantaged
487,University of Cape Town,UCT,Advantaged
488,University of Cape Town,UCT,Advantaged
489,University of Cape Town,UCT,Advantaged
490,University of Cape Town,UCT,Advantaged
491,University of Cape Town,UCT,Advantaged
492,University of Cape Town,UCT,Advantaged
493,University of Cape Town,UCT,Advantaged
494,University of Cape Town,UCT,Advantaged
495,University of Cape Town,UCT,Advantaged
496,University of Cape Town,UCT,Advantaged
497,University of Cape Town,UCT,Advantaged
498,University of Cape Town,UCT,Advantaged
499,University of Cape Town,UCT,Advantaged
500,University of Cape Town,UCT,Advantaged
501,University of Cape Town,UCT,Advantaged
502,University of Cape Town,UCT,Advantaged
503,University of Cape Town,UCT,Advantaged
504,University of Cape Town,UCT,Advantaged
505,University of Cape Town,UCT,Advantaged
506,University of Cape Town,UCT,Advantaged
507,University of Cape Town,UCT,Advantaged
508,University of Cape Town,UCT,Advantaged
509,University of Cape Town,UCT,Advantaged
510,University of Cape Town,UCT,Advantaged
511,University of Cape Town,UCT,Advantaged
512,University of Cape Town,UCT,Advantaged
513,University of Cape Town,UCT,Advantaged
514,University of Cape Town,UCT,Advantaged
515,University of Cape Town,UCT,Advantaged
516,University of Cape Town,UCT,Advantaged
517,University of Cape Town,UCT,Advantaged
518,University of Cape Town,UCT,Advantaged
519,University of Cape Town,UCT,Advantaged
520,University of Cape Town,UCT,Advantaged
521,University of Cape Town,UCT,Advantaged
522,University of Cape Town,UCT,Advantaged
523,University of Cape Town,UCT,Advantaged
524,University of Cape Town,UCT,Advantaged
525,University of Cape Town,UCT,Advantaged
526,University of Cape Town,UCT,Advantaged
527,University of Cape Town,UCT,Advantaged
528,University of Cape Town,UCT,Advantaged
529,University of Cape Town,UCT,Advantaged
530,University of Cape Town,UCT,Advantaged
531,University of Cape Town,UCT,Advantaged
532,University of Cape Town,UCT,Advantaged
533,University of Cape Town,UCT,Advantaged
534,University of Cape Town,UCT,Advantaged
535,University of Cape Town,UCT,Advantaged
536,University of Cape Town,UCT,Advantaged
537,University of the Free State,UFS,Advantaged
538,University of the Free State,UFS,Advantaged
539,University of the Free State,UFS,Advantaged
540,University of the Free State,UFS,Advantaged
541,University of the Free State,UFS,Advantaged
542,University of the Free State,UFS,Advantaged
543,University of Kwazulu-Natal,UKN,Advantaged
544,University of Kwazulu-Natal,UKN,Advantaged
545,University of Kwazulu-Natal,UKN,Advantaged
546,University of Kwazulu-Natal,UKN,Advantaged
547,University of Kwazulu-Natal,UKN,Advantaged
548,University of Kwazulu-Natal,UKN,Advantaged
549,University of Kwazulu-Natal,UKN,Advantaged
550,University of Kwazulu-Natal,UKN,Advantaged
551,University of Kwazulu-Natal,UKN,Advantaged
552,University of Kwazulu-Natal,UKN,Advantaged
553,University of Kwazulu-Natal,UKN,Advantaged
554,University of Kwazulu-Natal,UKN,Advantaged
555,University of Kwazulu-Natal,UKN,Advantaged
556,University of Kwazulu-Natal,UKN,Advantaged
557,University of Kwazulu-Natal,UKN,Advantaged
558,University of Kwazulu-Natal,UKN,Advantaged
559,University of Kwazulu-Natal,UKN,Advantaged
560,University of Kwazulu-Natal,UKN,Advantaged
561,University of Kwazulu-Natal,UKN,Advantaged
562,University of Kwazulu-Natal,UKN,Advantaged
563,University of Kwazulu-Natal,UKN,Advantaged
564,University of Kwazulu-Natal,UKN,Advantaged
565,University of Kwazulu-Natal,UKN,Advantaged
566,University of Kwazulu-Natal,UKN,Advantaged
567,University of Kwazulu-Natal,UKN,Advantaged
568,University of Kwazulu-Natal,UKN,Advantaged
569,University of Kwazulu-Natal,UKN,Advantaged
570,University of Kwazulu-Natal,UKN,Advantaged
571,University of Kwazulu-Natal,UKN,Advantaged
572,University of Kwazulu-Natal,UKN,Advantaged
573,University of Kwazulu-Natal,UKN,Advantaged
574,University of Kwazulu-Natal,UKN,Advantaged
575,University of Kwazulu-Natal,UKN,Advantaged
576,University of Kwazulu-Natal,UKN,Advantaged
577,University of Kwazulu-Natal,UKN,Advantaged
578,University of Kwazulu-Natal,UKN,Advantaged
579,University of Kwazulu-Natal,UKN,Advantaged
580,University of Kwazulu-Natal,UKN,Advantaged
581,University of Kwazulu-Natal,UKN,Advantaged
582,University of Kwazulu-Natal,UKN,Advantaged
583,University of Kwazulu-Natal,UKN,Advantaged
584,University of Kwazulu-Natal,UKN,Advantaged
585,University of Kwazulu-Natal,UKN,Advantaged
586,University of Kwazulu-Natal,UKN,Advantaged
587,University of Kwazulu-Natal,UKN,Advantaged
588,University of Kwazulu-Natal,UKN,Advantaged
589,University of Kwazulu-Natal,UKN,Advantaged
590,University of Kwazulu-Natal,UKN,Advantaged
591,University of Kwazulu-Natal,UKN,Advantaged
592,University of Kwazulu-Natal,UKN,Advantaged
593,University of Kwazulu-Natal,UKN,Advantaged
594,University of Kwazulu-Natal,UKN,Advantaged
595,University of Kwazulu-Natal,UKN,Advantaged
596,University of Kwazulu-Natal,UKN,Advantaged
597,University of Kwazulu-Natal,UKN,Advantaged
598,University of Kwazulu-Natal,UKN,Advantaged
599,University of Kwazulu-Natal,UKN,Advantaged
600,University of Kwazulu-Natal,UKN,Advantaged
601,University of Kwazulu-Natal,UKN,Advantaged
602,University of Kwazulu-Natal,UKN,Advantaged
603,University of Kwazulu-Natal,UKN,Advantaged
604,University of Kwazulu-Natal,UKN,Advantaged
605,University of Kwazulu-Natal,UKN,Advantaged
606,University of Kwazulu-Natal,UKN,Advantaged
607,University of Kwazulu-Natal,UKN,Advantaged
608,University of Kwazulu-Natal,UKN,Advantaged
609,University of Kwazulu-Natal,UKN,Advantaged
610,University of Kwazulu-Natal,UKN,Advantaged
611,University of Kwazulu-Natal,UKN,Advantaged
612,University of Kwazulu-Natal,UKN,Advantaged
613,University of Kwazulu-Natal,UKN,Advantaged
614,University of Kwazulu-Natal,UKN,Advantaged
615,University of Kwazulu-Natal,UKN,Advantaged
616,University of Kwazulu-Natal,UKN,Advantaged
617,University of Kwazulu-Natal,UKN,Advantaged
618,University of Kwazulu-Natal,UKN,Advantaged
619,University of Kwazulu-Natal,UKN,Advantaged
620,University of Kwazulu-Natal,UKN,Advantaged
621,University of Kwazulu-Natal,UKN,Advantaged
622,University of Kwazulu-Natal,UKN,Advantaged
623,University of Kwazulu-Natal,UKN,Advantaged
624,University of Kwazulu-Natal,UKN,Advantaged
625,University of Kwazulu-Natal,UKN,Advantaged
626,University of Kwazulu-Natal,UKN,Advantaged
627,University of Kwazulu-Natal,UKN,Advantaged
628,University of Kwazulu-Natal,UKN,Advantaged
629,University of Kwazulu-Natal,UKN,Advantaged
630,University of Kwazulu-Natal,UKN,Advantaged
631,University of Kwazulu-Natal,UKN,Advantaged
632,University of Kwazulu-Natal,UKN,Advantaged
633,University of Kwazulu-Natal,UKN,Advantaged
634,University of Kwazulu-Natal,UKN,Advantaged
635,University of Kwazulu-Natal,UKN,Advantaged
636,University of Kwazulu-Natal,UKN,Advantaged
637,University of Kwazulu-Natal,UKN,Advantaged
638,University of Kwazulu-Natal,UKN,Advantaged
639,University of Kwazulu-Natal,UKN,Advantaged
640,University of Kwazulu-Natal,UKN,Advantaged
641,University of Kwazulu-Natal,UKN,Advantaged
642,University of Kwazulu-Natal,UKN,Advantaged
643,University of Kwazulu-Natal,UKN,Advantaged
644,University of Kwazulu-Natal,UKN,Advantaged
645,University of Kwazulu-Natal,UKN,Advantaged
646,University of Kwazulu-Natal,UKN,Advantaged
647,University of Kwazulu-Natal,UKN,Advantaged
648,University of Kwazulu-Natal,UKN,Advantaged
649,University of Kwazulu-Natal,UKN,Advantaged
650,University of Kwazulu-Natal,UKN,Advantaged
651,University of Kwazulu-Natal,UKN,Advantaged
652,University of Kwazulu-Natal,UKN,Advantaged
653,University of Kwazulu-Natal,UKN,Advantaged
654,University of Kwazulu-Natal,UKN,Advantaged
655,University of Kwazulu-Natal,UKN,Advantaged
656,University of Kwazulu-Natal,UKN,Advantaged
657,University of Kwazulu-Natal,UKN,Advantaged
658,University of Kwazulu-Natal,UKN,Advantaged
659,University of Kwazulu-Natal,UKN,Advantaged
660,University of Kwazulu-Natal,UKN,Advantaged
661,University of Kwazulu-Natal,UKN,Advantaged
662,University of Kwazulu-Natal,UKN,Advantaged
663,University of Kwazulu-Natal,UKN,Advantaged
664,University of Kwazulu-Natal,UKN,Advantaged
665,University of Kwazulu-Natal,UKN,Advantaged
666,University of Kwazulu-Natal,UKN,Advantaged
667,University of Kwazulu-Natal,UKN,Advantaged
668,University of Kwazulu-Natal,UKN,Advantaged
669,University of Kwazulu-Natal,UKN,Advantaged
670,University of Kwazulu-Natal,UKN,Advantaged
671,University of Kwazulu-Natal,UKN,Advantaged
672,University of Kwazulu-Natal,UKN,Advantaged
673,University of Kwazulu-Natal,UKN,Advantaged
674,University of Kwazulu-Natal,UKN,Advantaged
675,University of Kwazulu-Natal,UKN,Advantaged
676,University of Kwazulu-Natal,UKN,Advantaged
677,University of Kwazulu-Natal,UKN,Advantaged
678,University of Kwazulu-Natal,UKN,Advantaged
679,University of Kwazulu-Natal,UKN,Advantaged
680,University of Kwazulu-Natal,UKN,Advantaged
681,University of Kwazulu-Natal,UKN,Advantaged
682,University of Kwazulu-Natal,UKN,Advantaged
683,University of Kwazulu-Natal,UKN,Advantaged
684,University of Kwazulu-Natal,UKN,Advantaged
685,University of Limpopo,UL,Disadvantaged
686,University of Limpopo,UL,Disadvantaged
687,University of Limpopo,UL,Disadvantaged
688,University of Limpopo,UL,Disadvantaged
689,University of Limpopo,UL,Disadvantaged
690,University of Limpopo,UL,Disadvantaged
691,University of Limpopo,UL,Disadvantaged
692,University of Limpopo,UL,Disadvantaged
693,University of Pretoria,UP,Advantaged
694,University of Pretoria,UP,Advantaged
695,University of Pretoria,UP,Advantaged
696,University of Pretoria,UP,Advantaged
697,University of Pretoria,UP,Advantaged
698,University of Pretoria,UP,Advantaged
699,University of Pretoria,UP,Advantaged
700,University of Pretoria,UP,Advantaged
701,University of Pretoria,UP,Advantaged
702,University of Pretoria,UP,Advantaged
703,University of Pretoria,UP,Advantaged
704,University of Pretoria,UP,Advantaged
705,University of Pretoria,UP,Advantaged
706,University of Pretoria,UP,Advantaged
707,University of Pretoria,UP,Advantaged
708,University of Pretoria,UP,Advantaged
709,University of Pretoria,UP,Advantaged
710,University of Pretoria,UP,Advantaged
711,University of Pretoria,UP,Advantaged
712,University of Pretoria,UP,Advantaged
713,University of Pretoria,UP,Advantaged
714,University of Pretoria,UP,Advantaged
715,University of Pretoria,UP,Advantaged
716,University of Pretoria,UP,Advantaged
717,University of Pretoria,UP,Advantaged
718,University of Pretoria,UP,Advantaged
719,University of Pretoria,UP,Advantaged
720,University of Pretoria,UP,Advantaged
721,University of Pretoria,UP,Advantaged
722,University of Pretoria,UP,Advantaged
723,University of Pretoria,UP,Advantaged
724,University of Pretoria,UP,Advantaged
725,University of Pretoria,UP,Advantaged
726,University of Pretoria,UP,Advantaged
727,University of Pretoria,UP,Advantaged
728,University of Pretoria,UP,Advantaged
729,University of Pretoria,UP,Advantaged
730,University of Pretoria,UP,Advantaged
731,University of Pretoria,UP,Advantaged
732,University of Pretoria,UP,Advantaged
733,University of Pretoria,UP,Advantaged
734,University of Pretoria,UP,Advantaged
735,University of Pretoria,UP,Advantaged
736,University of Pretoria,UP,Advantaged
737,University of Pretoria,UP,Advantaged
738,University of Pretoria,UP,Advantaged
739,University of Pretoria,UP,Advantaged
740,University of Pretoria,UP,Advantaged
741,University of Pretoria,UP,Advantaged
742,University of Pretoria,UP,Advantaged
743,University of Pretoria,UP,Advantaged
744,University of Pretoria,UP,Advantaged
745,University of Pretoria,UP,Advantaged
746,University of Pretoria,UP,Advantaged
747,University of Pretoria,UP,Advantaged
748,University of Pretoria,UP,Advantaged
749,University of Pretoria,UP,Advantaged
750,University of Pretoria,UP,Advantaged
751,University of Pretoria,UP,Advantaged
752,University of Pretoria,UP,Advantaged
753,University of Pretoria,UP,Advantaged
754,University of Pretoria,UP,Advantaged
755,University of Pretoria,UP,Advantaged
756,University of Pretoria,UP,Advantaged
757,University of Pretoria,UP,Advantaged
758,University of Pretoria,UP,Advantaged
759,University of Pretoria,UP,Advantaged
760,University of Pretoria,UP,Advantaged
761,University of Pretoria,UP,Advantaged
762,University of Pretoria,UP,Advantaged
763,University of Pretoria,UP,Advantaged
764,University of Pretoria,UP,Advantaged
765,University of Pretoria,UP,Advantaged
766,University of Pretoria,UP,Advantaged
767,University of Pretoria,UP,Advantaged
768,University of Pretoria,UP,Advantaged
769,University of Pretoria,UP,Advantaged
770,University of Pretoria,UP,Advantaged
771,University of Pretoria,UP,Advantaged
772,University of Pretoria,UP,Advantaged
773,University of Pretoria,UP,Advantaged
774,University of Pretoria,UP,Advantaged
775,University of Pretoria,UP,Advantaged
776,University of Pretoria,UP,Advantaged
777,University of Pretoria,UP,Advantaged
778,University of Pretoria,UP,Advantaged
779,University of Pretoria,UP,Advantaged
780,University of Pretoria,UP,Advantaged
781,University of Pretoria,UP,Advantaged
782,University of Pretoria,UP,Advantaged
783,University of Pretoria,UP,Advantaged
784,University of Pretoria,UP,Advantaged
785,University of Pretoria,UP,Advantaged
786,University of Pretoria,UP,Advantaged
787,University of Pretoria,UP,Advantaged
788,University of Pretoria,UP,Advantaged
789,University of Pretoria,UP,Advantaged
790,University of Pretoria,UP,Advantaged
791,University of Pretoria,UP,Advantaged
792,University of Pretoria,UP,Advantaged
793,University of Pretoria,UP,Advantaged
794,University of Pretoria,UP,Advantaged
795,University of Pretoria,UP,Advantaged
796,University of Pretoria,UP,Advantaged
797,University of Pretoria,UP,Advantaged
798,University of Pretoria,UP,Advantaged
799,University of Pretoria,UP,Advantaged
800,University of Pretoria,UP,Advantaged
801,University of Pretoria,UP,Advantaged
802,University of Pretoria,UP,Advantaged
803,University of Pretoria,UP,Advantaged
804,University of Pretoria,UP,Advantaged
805,University of Pretoria,UP,Advantaged
806,University of Pretoria,UP,Advantaged
807,University of Pretoria,UP,Advantaged
808,University of Pretoria,UP,Advantaged
809,University of Pretoria,UP,Advantaged
810,University of Pretoria,UP,Advantaged
811,University of Pretoria,UP,Advantaged
812,University of Pretoria,UP,Advantaged
813,University of Pretoria,UP,Advantaged
814,University of Pretoria,UP,Advantaged
815,University of Pretoria,UP,Advantaged
816,University of Pretoria,UP,Advantaged
817,University of Pretoria,UP,Advantaged
818,University of Pretoria,UP,Advantaged
819,University of Pretoria,UP,Advantaged
820,University of Pretoria,UP,Advantaged
821,University of Pretoria,UP,Advantaged
822,University of Pretoria,UP,Advantaged
823,University of Pretoria,UP,Advantaged
824,University of Pretoria,UP,Advantaged
825,University of Pretoria,UP,Advantaged
826,University of Pretoria,UP,Advantaged
827,University of Pretoria,UP,Advantaged
828,University of Pretoria,UP,Advantaged
829,University of Pretoria,UP,Advantaged
830,University of Pretoria,UP,Advantaged
831,University of Stellenbosch,US,Advantaged
832,University of Stellenbosch,US,Advantaged
833,University of Stellenbosch,US,Advantaged
834,University of Stellenbosch,US,Advantaged
835,University of Stellenbosch,US,Advantaged
836,University of Stellenbosch,US,Advantaged
837,University of Stellenbosch,US,Advantaged
838,University of Stellenbosch,US,Advantaged
839,University of Stellenbosch,US,Advantaged
840,University of Stellenbosch,US,Advantaged
841,University of Stellenbosch,US,Advantaged
842,University of Stellenbosch,US,Advantaged
843,University of Stellenbosch,US,Advantaged
844,University of Stellenbosch,US,Advantaged
845,University of Stellenbosch,US,Advantaged
846,University of Stellenbosch,US,Advantaged
847,University of Stellenbosch,US,Advantaged
848,University of Stellenbosch,US,Advantaged
849,University of Stellenbosch,US,Advantaged
850,University of Stellenbosch,US,Advantaged
851,University of Stellenbosch,US,Advantaged
852,University of Stellenbosch,US,Advantaged
853,University of Stellenbosch,US,Advantaged
854,University of Stellenbosch,US,Advantaged
855,University of Stellenbosch,US,Advantaged
856,University of Stellenbosch,US,Advantaged
857,University of Stellenbosch,US,Advantaged
858,University of Stellenbosch,US,Advantaged
859,University of Stellenbosch,US,Advantaged
860,University of Stellenbosch,US,Advantaged
861,University of Stellenbosch,US,Advantaged
862,University of Stellenbosch,US,Advantaged
863,University of Stellenbosch,US,Advantaged
864,University of Stellenbosch,US,Advantaged
865,University of Stellenbosch,US,Advantaged
866,University of Stellenbosch,US,Advantaged
867,University of Stellenbosch,US,Advantaged
868,University of Stellenbosch,US,Advantaged
869,University of Stellenbosch,US,Advantaged
870,University of Stellenbosch,US,Advantaged
871,University of Stellenbosch,US,Advantaged
872,University of Stellenbosch,US,Advantaged
873,University of Stellenbosch,US,Advantaged
874,University of Stellenbosch,US,Advantaged
875,University of Stellenbosch,US,Advantaged
876,University of Stellenbosch,US,Advantaged
877,University of Stellenbosch,US,Advantaged
878,University of Stellenbosch,US,Advantaged
879,University of Stellenbosch,US,Advantaged
880,University of Stellenbosch,US,Advantaged
881,University of Stellenbosch,US,Advantaged
882,University of Stellenbosch,US,Advantaged
883,University of Stellenbosch,US,Advantaged
884,University of Stellenbosch,US,Advantaged
885,University of Stellenbosch,US,Advantaged
886,University of Stellenbosch,US,Advantaged
887,University of Stellenbosch,US,Advantaged
888,University of Stellenbosch,US,Advantaged
889,University of Stellenbosch,US,Advantaged
890,University of Stellenbosch,US,Advantaged
891,University of Stellenbosch,US,Advantaged
892,University of Stellenbosch,US,Advantaged
893,University of Stellenbosch,US,Advantaged
894,University of Stellenbosch,US,Advantaged
895,University of Stellenbosch,US,Advantaged
896,University of Stellenbosch,US,Advantaged
897,University of Stellenbosch,US,Advantaged
898,University of Stellenbosch,US,Advantaged
899,University of Stellenbosch,US,Advantaged
900,University of Stellenbosch,US,Advantaged
901,University of Stellenbosch,US,Advantaged
902,University of Stellenbosch,US,Advantaged
903,University of Stellenbosch,US,Advantaged
904,University of Stellenbosch,US,Advantaged
905,University of Stellenbosch,US,Advantaged
906,University of Stellenbosch,US,Advantaged
907,University of Stellenbosch,US,Advantaged
908,University of Stellenbosch,US,Advantaged
909,University of Stellenbosch,US,Advantaged
910,University of Stellenbosch,US,Advantaged
911,University of Stellenbosch,US,Advantaged
912,University of Stellenbosch,US,Advantaged
913,University of Stellenbosch,US,Advantaged
914,University of Stellenbosch,US,Advantaged
915,University of Stellenbosch,US,Advantaged
916,University of Stellenbosch,US,Advantaged
917,University of Stellenbosch,US,Advantaged
918,University of Stellenbosch,US,Advantaged
919,University of Stellenbosch,US,Advantaged
920,University of Stellenbosch,US,Advantaged
921,University of Stellenbosch,US,Advantaged
922,University of Stellenbosch,US,Advantaged
923,University of Stellenbosch,US,Advantaged
924,University of Stellenbosch,US,Advantaged
925,University of Stellenbosch,US,Advantaged
926,University of Stellenbosch,US,Advantaged
927,University of Stellenbosch,US,Advantaged
928,University of Stellenbosch,US,Advantaged
929,University of Stellenbosch,US,Advantaged
930,University of Stellenbosch,US,Advantaged
931,University of Stellenbosch,US,Advantaged
932,University of Stellenbosch,US,Advantaged
933,University of Stellenbosch,US,Advantaged
934,University of Stellenbosch,US,Advantaged
935,University of Stellenbosch,US,Advantaged
936,University of Stellenbosch,US,Advantaged
937,University of Stellenbosch,US,Advantaged
938,University of Stellenbosch,US,Advantaged
939,University of Stellenbosch,US,Advantaged
940,University of Stellenbosch,US,Advantaged
941,University of Stellenbosch,US,Advantaged
942,University of Stellenbosch,US,Advantaged
943,University of Stellenbosch,US,Advantaged
944,University of Stellenbosch,US,Advantaged
945,University of Stellenbosch,US,Advantaged
946,University of Stellenbosch,US,Advantaged
947,University of Stellenbosch,US,Advantaged
948,University of Stellenbosch,US,Advantaged
949,University of Stellenbosch,US,Advantaged
950,University of Stellenbosch,US,Advantaged
951,University of Stellenbosch,US,Advantaged
952,University of Stellenbosch,US,Advantaged
953,University of Stellenbosch,US,Advantaged
954,University of Stellenbosch,US,Advantaged
955,University of Stellenbosch,US,Advantaged
956,University of Stellenbosch,US,Advantaged
957,University of Stellenbosch,US,Advantaged
958,University of Stellenbosch,US,Advantaged
959,University of Stellenbosch,US,Advantaged
960,University of Stellenbosch,US,Advantaged
961,University of Stellenbosch,US,Advantaged
962,University of Stellenbosch,US,Advantaged
963,University of Stellenbosch,US,Advantaged
964,University of Stellenbosch,US,Advantaged
965,University of Stellenbosch,US,Advantaged
966,University of Stellenbosch,US,Advantaged
967,University of Stellenbosch,US,Advantaged
968,University of Stellenbosch,US,Advantaged
969,University of Stellenbosch,US,Advantaged
970,University of Stellenbosch,US,Advantaged
971,University of Stellenbosch,US,Advantaged
972,University of Stellenbosch,US,Advantaged
973,University of Stellenbosch,US,Advantaged
974,University of Stellenbosch,US,Advantaged
975,University of Stellenbosch,US,Advantaged
976,University of Stellenbosch,US,Advantaged
977,University of Stellenbosch,US,Advantaged
978,University of Stellenbosch,US,Advantaged
979,University of Stellenbosch,US,Advantaged
980,University of Stellenbosch,US,Advantaged
981,University of Stellenbosch,US,Advantaged
982,University of Stellenbosch,US,Advantaged
983,University of Stellenbosch,US,Advantaged
984,University of Stellenbosch,US,Advantaged
985,University of Stellenbosch,US,Advantaged
986,University of Stellenbosch,US,Advantaged
987,University of Stellenbosch,US,Advantaged
988,University of Stellenbosch,US,Advantaged
989,University of Stellenbosch,US,Advantaged
990,University of Stellenbosch,US,Advantaged
991,University of Stellenbosch,US,Advantaged
992,University of Stellenbosch,US,Advantaged
993,University of Stellenbosch,US,Advantaged
994,University of Stellenbosch,US,Advantaged
995,University of Stellenbosch,US,Advantaged
996,University of Stellenbosch,US,Advantaged
997,University of Stellenbosch,US,Advantaged
998,University of Stellenbosch,US,Advantaged
999,University of Stellenbosch,US,Advantaged
1000,University of Stellenbosch,US,Advantaged
1001,University of Stellenbosch,US,Advantaged
1002,University of Stellenbosch,US,Advantaged
1003,University of Stellenbosch,US,Advantaged
1004,University of Stellenbosch,US,Advantaged
1005,University of Stellenbosch,US,Advantaged
1006,University of Stellenbosch,US,Advantaged
1007,University of Stellenbosch,US,Advantaged
1008,University of Stellenbosch,US,Advantaged
1009,University of Stellenbosch,US,Advantaged
1010,University of Stellenbosch,US,Advantaged
1011,University of Stellenbosch,US,Advantaged
1012,University of Stellenbosch,US,Advantaged
1013,University of Stellenbosch,US,Advantaged
1014,University of Stellenbosch,US,Advantaged
1015,University of Stellenbosch,US,Advantaged
1016,University of Stellenbosch,US,Advantaged
1017,University of Stellenbosch,US,Advantaged
1018,University of Stellenbosch,US,Advantaged
1019,University of Stellenbosch,US,Advantaged
1020,University of Stellenbosch,US,Advantaged
1021,University of Stellenbosch,US,Advantaged
1022,University of Stellenbosch,US,Advantaged
1023,University of Stellenbosch,US,Advantaged
1024,University of Stellenbosch,US,Advantaged
1025,University of Stellenbosch,US,Advantaged
1026,University of Stellenbosch,US,Advantaged
1027,University of Stellenbosch,US,Advantaged
1028,University of Stellenbosch,US,Advantaged
1029,University of Stellenbosch,US,Advantaged
1030,University of Stellenbosch,US,Advantaged
1031,University of Stellenbosch,US,Advantaged
1032,University of Stellenbosch,US,Advantaged
1033,University of Stellenbosch,US,Advantaged
1034,University of Stellenbosch,US,Advantaged
1035,University of Stellenbosch,US,Advantaged
1036,University of Stellenbosch,US,Advantaged
1037,University of Stellenbosch,US,Advantaged
1038,University of Stellenbosch,US,Advantaged
1039,University of Stellenbosch,US,Advantaged
1040,University of Stellenbosch,US,Advantaged
1041,University of Stellenbosch,US,Advantaged
1042,University of Stellenbosch,US,Advantaged
1043,University of Stellenbosch,US,Advantaged
1044,University of Stellenbosch,US,Advantaged
1045,University of Stellenbosch,US,Advantaged
1046,University of the Witwatersrand,Wits,Advantaged
1047,University of the Witwatersrand,Wits,Advantaged
1048,University of the Witwatersrand,Wits,Advantaged
1049,University of the Witwatersrand,Wits,Advantaged
1050,University of the Witwatersrand,Wits,Advantaged
1051,University of the Witwatersrand,Wits,Advantaged
1052,University of the Witwatersrand,Wits,Advantaged
1053,University of the Witwatersrand,Wits,Advantaged
1054,University of the Witwatersrand,Wits,Advantaged
1055,University of the Witwatersrand,Wits,Advantaged
1056,University of the Witwatersrand,Wits,Advantaged
1057,University of the Witwatersrand,Wits,Advantaged
1058,University of the Witwatersrand,Wits,Advantaged
1059,University of the Witwatersrand,Wits,Advantaged
1060,University of the Witwatersrand,Wits,Advantaged
1061,University of the Witwatersrand,Wits,Advantaged
1062,University of the Witwatersrand,Wits,Advantaged
1063,University of the Witwatersrand,Wits,Advantaged
1064,University of the Witwatersrand,Wits,Advantaged
1065,University of the Witwatersrand,Wits,Advantaged
1066,University of the Witwatersrand,Wits,Advantaged
1067,University of the Witwatersrand,Wits,Advantaged
1068,University of the Witwatersrand,Wits,Advantaged
1069,University of the Witwatersrand,Wits,Advantaged
1070,University of the Witwatersrand,Wits,Advantaged
1071,University of the Witwatersrand,Wits,Advantaged
1072,University of the Witwatersrand,Wits,Advantaged
1073,University of the Witwatersrand,Wits,Advantaged
1074,University of the Witwatersrand,Wits,Advantaged
1075,University of the Witwatersrand,Wits,Advantaged
1076,University of the Witwatersrand,Wits,Advantaged
1077,University of the Witwatersrand,Wits,Advantaged
1078,University of the Witwatersrand,Wits,Advantaged
1079,University of the Witwatersrand,Wits,Advantaged
1080,University of the Witwatersrand,Wits,Advantaged
1081,University of the Witwatersrand,Wits,Advantaged
1082,University of the Witwatersrand,Wits,Advantaged
1083,University of the Witwatersrand,Wits,Advantaged
1084,University of the Witwatersrand,Wits,Advantaged
1085,University of the Witwatersrand,Wits,Advantaged
1086,University of the Witwatersrand,Wits,Advantaged
1087,University of the Witwatersrand,Wits,Advantaged
1088,University of the Witwatersrand,Wits,Advantaged
1089,University of the Witwatersrand,Wits,Advantaged
1090,University of the Witwatersrand,Wits,Advantaged
1091,University of the Witwatersrand,Wits,Advantaged
1092,University of the Witwatersrand,Wits,Advantaged
1093,University of the Witwatersrand,Wits,Advantaged
1094,University of the Witwatersrand,Wits,Advantaged
1095,University of the Witwatersrand,Wits,Advantaged
1096,University of the Witwatersrand,Wits,Advantaged
1097,University of the Witwatersrand,Wits,Advantaged
1098,University of the Witwatersrand,Wits,Advantaged
1099,University of the Witwatersrand,Wits,Advantaged
1100,University of the Witwatersrand,Wits,Advantaged
1101,University of the Witwatersrand,Wits,Advantaged
1102,University of the Witwatersrand,Wits,Advantaged
1103,University of the Witwatersrand,Wits,Advantaged
1104,University of the Witwatersrand,Wits,Advantaged
1105,University of the Witwatersrand,Wits,Advantaged
1106,University of the Witwatersrand,Wits,Advantaged
1107,University of the Witwatersrand,Wits,Advantaged
1108,University of the Witwatersrand,Wits,Advantaged
1109,University of the Witwatersrand,Wits,Advantaged
1110,University of the Witwatersrand,Wits,Advantaged
1111,University of the Witwatersrand,Wits,Advantaged
1112,University of the Witwatersrand,Wits,Advantaged
1113,University of the Witwatersrand,Wits,Advantaged
1114,University of the Witwatersrand,Wits,Advantaged
1115,University of the Witwatersrand,Wits,Advantaged
1116,University of the Witwatersrand,Wits,Advantaged
1117,University of the Witwatersrand,Wits,Advantaged
1118,University of the Witwatersrand,Wits,Advantaged
1119,University of the Witwatersrand,Wits,Advantaged
1120,University of the Witwatersrand,Wits,Advantaged
1121,University of the Witwatersrand,Wits,Advantaged
1122,University of the Witwatersrand,Wits,Advantaged
1123,University of the Witwatersrand,Wits,Advantaged
1124,University of the Witwatersrand,Wits,Advantaged
1125,University of the Witwatersrand,Wits,Advantaged
1126,University of the Witwatersrand,Wits,Advantaged
1127,University of the Witwatersrand,Wits,Advantaged
1128,University of the Witwatersrand,Wits,Advantaged
1129,University of the Witwatersrand,Wits,Advantaged
1130,University of the Witwatersrand,Wits,Advantaged
1131,University of the Witwatersrand,Wits,Advantaged
1132,University of the Witwatersrand,Wits,Advantaged
1133,University of the Witwatersrand,Wits,Advantaged
1134,University of the Witwatersrand,Wits,Advantaged
1135,University of the Witwatersrand,Wits,Advantaged
1136,University of the Witwatersrand,Wits,Advantaged
1137,University of the Witwatersrand,Wits,Advantaged
1138,University of the Witwatersrand,Wits,Advantaged
1139,University of the Witwatersrand,Wits,Advantaged
1140,University of the Witwatersrand,Wits,Advantaged
1141,University of the Witwatersrand,Wits,Advantaged
1142,University of the Witwatersrand,Wits,Advantaged
1143,University of the Witwatersrand,Wits,Advantaged
1144,University of the Witwatersrand,Wits,Advantaged
1145,University of the Witwatersrand,Wits,Advantaged
1146,University of the Witwatersrand,Wits,Advantaged
1147,University of the Witwatersrand,Wits,Advantaged
1148,University of the Witwatersrand,Wits,Advantaged
1149,University of the Witwatersrand,Wits,Advantaged
1150,University of the Witwatersrand,Wits,Advantaged
1151,University of the Witwatersrand,Wits,Advantaged
1152,University of the Witwatersrand,Wits,Advantaged
1153,University of the Witwatersrand,Wits,Advantaged
1154,University of the Witwatersrand,Wits,Advantaged
1155,University of the Witwatersrand,Wits,Advantaged
1156,University of the Witwatersrand,Wits,Advantaged
1157,University of the Witwatersrand,Wits,Advantaged
1158,University of the Witwatersrand,Wits,Advantaged
1159,University of the Witwatersrand,Wits,Advantaged
1160,University of the Witwatersrand,Wits,Advantaged
1161,University of the Witwatersrand,Wits,Advantaged
1162,University of the Witwatersrand,Wits,Advantaged
1163,University of the Witwatersrand,Wits,Advantaged
1164,University of the Witwatersrand,Wits,Advantaged
1165,University of the Witwatersrand,Wits,Advantaged
1166,University of the Witwatersrand,Wits,Advantaged
1167,University of the Witwatersrand,Wits,Advantaged
1168,University of the Witwatersrand,Wits,Advantaged
1169,University of the Witwatersrand,Wits,Advantaged
1170,University of the Witwatersrand,Wits,Advantaged
1171,University of the Witwatersrand,Wits,Advantaged
1172,University of the Witwatersrand,Wits,Advantaged
1173,University of the Witwatersrand,Wits,Advantaged
1174,University of the Witwatersrand,Wits,Advantaged
1175,University of the Witwatersrand,Wits,Advantaged
1176,University of the Witwatersrand,Wits,Advantaged
1177,University of the Witwatersrand,Wits,Advantaged
1178,University of the Witwatersrand,Wits,Advantaged
1179,University of the Witwatersrand,Wits,Advantaged
1180,University of the Witwatersrand,Wits,Advantaged
1181,University of the Witwatersrand,Wits,Advantaged
1182,University of the Witwatersrand,Wits,Advantaged
1183,University of the Witwatersrand,Wits,Advantaged
1184,University of the Witwatersrand,Wits,Advantaged
1185,University of the Witwatersrand,Wits,Advantaged
1186,University of the Witwatersrand,Wits,Advantaged
1187,University of the Witwatersrand,Wits,Advantaged
1188,University of the Witwatersrand,Wits,Advantaged
1189,University of the Witwatersrand,Wits,Advantaged
1190,University of the Witwatersrand,Wits,Advantaged
1191,University of the Witwatersrand,Wits,Advantaged
1192,University of the Witwatersrand,Wits,Advantaged
1193,University of the Witwatersrand,Wits,Advantaged
1194,University of the Witwatersrand,Wits,Advantaged
1195,University of the Witwatersrand,Wits,Advantaged
1196,University of the Witwatersrand,Wits,Advantaged
1197,University of the Witwatersrand,Wits,Advantaged
1198,University of the Witwatersrand,Wits,Advantaged
1199,University of the Witwatersrand,Wits,Advantaged
1200,University of the Witwatersrand,Wits,Advantaged
1201,University of the Witwatersrand,Wits,Advantaged
1202,University of the Witwatersrand,Wits,Advantaged
1203,University of the Witwatersrand,Wits,Advantaged
1204,University of the Witwatersrand,Wits,Advantaged
1205,University of the Witwatersrand,Wits,Advantaged
1206,University of the Witwatersrand,Wits,Advantaged
1207,University of the Witwatersrand,Wits,Advantaged
1208,University of the Witwatersrand,Wits,Advantaged
1209,University of the Witwatersrand,Wits,Advantaged
1210,University of the Witwatersrand,Wits,Advantaged
1211,University of the Witwatersrand,Wits,Advantaged
1212,University of the Witwatersrand,Wits,Advantaged
1213,University of the Witwatersrand,Wits,Advantaged
1214,University of the Witwatersrand,Wits,Advantaged
1215,University of the Witwatersrand,Wits,Advantaged
1216,University of the Witwatersrand,Wits,Advantaged
1217,University of the Witwatersrand,Wits,Advantaged
1218,University of the Witwatersrand,Wits,Advantaged
1219,University of the Witwatersrand,Wits,Advantaged
1220,University of the Witwatersrand,Wits,Advantaged
1221,University of the Witwatersrand,Wits,Advantaged
1222,University of the Witwatersrand,Wits,Advantaged
1223,University of the Witwatersrand,Wits,Advantaged
1224,University of the Witwatersrand,Wits,Advantaged
1225,University of the Witwatersrand,Wits,Advantaged
1226,University of the Witwatersrand,Wits,Advantaged
1227,University of the Witwatersrand,Wits,Advantaged
1228,University of the Witwatersrand,Wits,Advantaged
1229,University of the Witwatersrand,Wits,Advantaged
1230,University of the Witwatersrand,Wits,Advantaged
1231,University of the Witwatersrand,Wits,Advantaged
1232,University of the Witwatersrand,Wits,Advantaged
1233,University of the Witwatersrand,Wits,Advantaged
1234,University of the Witwatersrand,Wits,Advantaged
1235,University of the Witwatersrand,Wits,Advantaged
1236,University of the Witwatersrand,Wits,Advantaged
1237,University of the Witwatersrand,Wits,Advantaged
1238,University of the Witwatersrand,Wits,Advantaged
1239,University of the Witwatersrand,Wits,Advantaged
1240,University of the Witwatersrand,Wits,Advantaged
1241,University of the Witwatersrand,Wits,Advantaged
1242,University of the Witwatersrand,Wits,Advantaged
1243,University of the Witwatersrand,Wits,Advantaged
1244,University of the Witwatersrand,Wits,Advantaged
1245,University of the Witwatersrand,Wits,Advantaged
1246,University of the Witwatersrand,Wits,Advantaged
1247,University of the Witwatersrand,Wits,Advantaged
1248,University of the Witwatersrand,Wits,Advantaged
1249,University of the Witwatersrand,Wits,Advantaged
1250,University of the Witwatersrand,Wits,Advantaged
1251,University of the Witwatersrand,Wits,Advantaged
1252,University of the Witwatersrand,Wits,Advantaged
1253,University of the Witwatersrand,Wits,Advantaged
1254,University of the Witwatersrand,Wits,Advantaged
1255,University of the Witwatersrand,Wits,Advantaged
1256,University of the Witwatersrand,Wits,Advantaged
1257,University of the Witwatersrand,Wits,Advantaged
1258,University of the Witwatersrand,Wits,Advantaged
1259,University of the Witwatersrand,Wits,Advantaged
1260,University of the Witwatersrand,Wits,Advantaged
1261,University of the Witwatersrand,Wits,Advantaged
1262,University of the Witwatersrand,Wits,Advantaged
1263,University of the Witwatersrand,Wits,Advantaged
1264,University of the Witwatersrand,Wits,Advantaged
1265,University of the Witwatersrand,Wits,Advantaged
1266,University of the Witwatersrand,Wits,Advantaged
1267,University of the Witwatersrand,Wits,Advantaged
1268,University of the Witwatersrand,Wits,Advantaged
1269,University of the Witwatersrand,Wits,Advantaged
1270,University of the Witwatersrand,Wits,Advantaged
1271,University of the Witwatersrand,Wits,Advantaged
1272,University of the Witwatersrand,Wits,Advantaged
1273,University of the Witwatersrand,Wits,Advantaged
1274,University of the Witwatersrand,Wits,Advantaged
1275,University of the Witwatersrand,Wits,Advantaged
1276,University of the Witwatersrand,Wits,Advantaged
1277,University of the Witwatersrand,Wits,Advantaged
1278,University of the Witwatersrand,Wits,Advantaged
1279,University of the Witwatersrand,Wits,Advantaged
1280,University of the Witwatersrand,Wits,Advantaged
1281,University of the Witwatersrand,Wits,Advantaged
1282,University of the Witwatersrand,Wits,Advantaged
1283,University of the Witwatersrand,Wits,Advantaged
1284,University of the Witwatersrand,Wits,Advantaged
1285,University of the Witwatersrand,Wits,Advantaged
1286,University of the Witwatersrand,Wits,Advantaged
1287,University of the Witwatersrand,Wits,Advantaged
1288,University of the Witwatersrand,Wits,Advantaged
1289,University of the Witwatersrand,Wits,Advantaged
1290,University of the Witwatersrand,Wits,Advantaged
1291,University of the Witwatersrand,Wits,Advantaged
1292,University of the Witwatersrand,Wits,Advantaged
1293,University of the Witwatersrand,Wits,Advantaged
1294,University of the Witwatersrand,Wits,Advantaged
1295,University of the Witwatersrand,Wits,Advantaged
1296,University of the Witwatersrand,Wits,Advantaged
1297,University of the Witwatersrand,Wits,Advantaged
1298,University of the Witwatersrand,Wits,Advantaged
1299,University of the Witwatersrand,Wits,Advantaged
1300,University of the Witwatersrand,Wits,Advantaged
1301,University of the Witwatersrand,Wits,Advantaged
1302,University of the Witwatersrand,Wits,Advantaged
1303,University of the Witwatersrand,Wits,Advantaged
1304,University of the Witwatersrand,Wits,Advantaged
1305,University of the Witwatersrand,Wits,Advantaged
1306,University of the Witwatersrand,Wits,Advantaged
1307,University of the Witwatersrand,Wits,Advantaged
1308,University of the Witwatersrand,Wits,Advantaged
1309,University of Western Cape,UWC,Disadvantaged
1310,University of Western Cape,UWC,Disadvantaged
1311,University of Western Cape,UWC,Disadvantaged
1312,University of Western Cape,UWC,Disadvantaged
1313,University of Western Cape,UWC,Disadvantaged
1314,University of Western Cape,UWC,Disadvantaged
1315,University of Western Cape,UWC,Disadvantaged
1316,University of Western Cape,UWC,Disadvantaged
1317,University of Western Cape,UWC,Disadvantaged
1318,University of Western Cape,UWC,Disadvantaged
1319,University of Western Cape,UWC,Disadvantaged
1320,University of Western Cape,UWC,Disadvantaged
1321,University of Western Cape,UWC,Disadvantaged
1322,University of Western Cape,UWC,Disadvantaged
1323,University of Western Cape,UWC,Disadvantaged
1324,University of Western Cape,UWC,Disadvantaged
1325,University of Western Cape,UWC,Disadvantaged
1326,Others,Others,Others
1327,Others,Others,Others
1328,Others,Others,Others
1329,Others,Others,Others
1330,Others,Others,Others
1331,Others,Others,Others
1332,Others,Others,Others
1333,Others,Others,Others
1334,Others,Others,Others
1335,Others,Others,Others
1336,Others,Others,Others
1337,Others,Others,Others
1338,Others,Others,Others
1339,Others,Others,Others
1340,Others,Others,Others
1341,Others,Others,Others
1342,Others,Others,Others
1343,Others,Others,Others
1344,Others,Others,Others
1345,Others,Others,Others
1346,Others,Others,Others
1347,Others,Others,Others
1348,Others,Others,Others
1349,Others,Others,Others
1350,Others,Others,Others
1351,Others,Others,Others
1352,Others,Others,Others
1353,Others,Others,Others
1354,Others,Others,Others
1355,Others,Others,Others
1356,Others,Others,Others
1357,Others,Others,Others
1358,Others,Others,Others
1359,Others,Others,Others
1360,Others,Others,Others
1361,Others,Others,Others
1362,Others,Others,Others
1363,Others,Others,Others
1364,Others,Others,Others
1365,Others,Others,Others
1366,Others,Others,Others
1367,Others,Others,Others
1368,Others,Others,Others
1369,Others,Others,Others
1370,Others,Others,Others
1371,Others,Others,Others
1372,Others,Others,Others
1373,Others,Others,Others
1374,Others,Others,Others
1375,Others,Others,Others
1376,Others,Others,Others
1377,Others,Others,Others
1378,Others,Others,Others
1379,Others,Others,Others
1380,Others,Others,Others
1381,Others,Others,Others
1382,Others,Others,Others
1383,Others,Others,Others
1384,Others,Others,Others
1385,Others,Others,Others
1386,Others,Others,Others
1387,Others,Others,Others
1388,Others,Others,Others
1389,Others,Others,Others
1390,Others,Others,Others
1391,Others,Others,Others
1392,Others,Others,Others
1393,Others,Others,Others
1394,Others,Others,Others
1395,Others,Others,Others
1396,Others,Others,Others
1397,Others,Others,Others
1398,Others,Others,Others
1399,Others,Others,Others
1400,Others,Others,Others
1401,Others,Others,Others
1402,Others,Others,Others
1403,Others,Others,Others
1404,Others,Others,Others
1405,Others,Others,Others
1406,Others,Others,Others
1407,Others,Others,Others
1408,Others,Others,Others
1409,Others,Others,Others
1410,Others,Others,Others
1411,Others,Others,Others
1412,Others,Others,Others
1413,Others,Others,Others
1414,Others,Others,Others
1415,Others,Others,Others
1416,Others,Others,Others
1417,Others,Others,Others
1418,Others,Others,Others
1419,Others,Others,Others
1420,Others,Others,Others
1421,Others,Others,Others
1422,Others,Others,Others
1423,Others,Others,Others
1424,Others,Others,Others
1425,Others,Others,Others
1426,Others,Others,Others
1427,Others,Others,Others
1428,Others,Others,Others
1429,Others,Others,Others
1430,Others,Others,Others
1431,Others,Others,Others
1432,Others,Others,Others
1433,Others,Others,Others
1434,Others,Others,Others
1435,Others,Others,Others
1436,Others,Others,Others
1437,Others,Others,Others
1438,Others,Others,Others
1439,Others,Others,Others
1440,Others,Others,Others
1441,Others,Others,Others
1442,Others,Others,Others
